{
  "EUR/USD": 1.09931,
  "EUR/AUD": 1.63296,
  "EUR/GBP": 0.85652,
  "EUR/NZD": 1.77264,
  "EUR/CAD": 1.45137,
  "EUR/CHF": 0.95354,
  "EUR/JPY": 153.637,
  "EUR/HKD": 8.572,
  "EUR/SGD": 1.4611,
  "USD/EUR": 0.9093,
  "USD/AUD": 1.48513,
  "USD/GBP": 0.77898,
  "USD/NZD": 1.6118,
  "USD/CAD": 1.32022,
  "USD/CHF": 0.86737,
  "USD/JPY": 139.763,
  "USD/HKD": 7.80224,
  "USD/SGD": 1.32961,
  "AUD/EUR": 0.61226,
  "AUD/USD": 0.67319,
  "AUD/GBP": 0.52425,
  "AUD/NZD": 1.08554,
  "AUD/CAD": 0.88874,
  "AUD/CHF": 0.58394,
  "AUD/JPY": 94.09,
  "AUD/HKD": 5.2468,
  "AUD/SGD": 0.89507,
  "GBP/EUR": 1.1673,
  "GBP/USD": 1.2832,
  "GBP/AUD": 1.90613,
  "GBP/NZD": 2.06929,
  "GBP/CAD": 1.69422,
  "GBP/CHF": 1.11316,
  "GBP/JPY": 179.358,
  "GBP/HKD": 10.014,
  "GBP/SGD": 1.70625,
  "NZD/EUR": 0.56393,
  "NZD/USD": 0.62005,
  "NZD/AUD": 0.92098,
  "NZD/GBP": 0.48311,
  "NZD/CAD": 0.81867,
  "NZD/CHF": 0.53784,
  "NZD/JPY": 86.668,
  "NZD/HKD": 4.8386,
  "NZD/SGD": 0.82429,
  "CAD/EUR": 0.6886,
  "CAD/USD": 0.75736,
  "CAD/AUD": 1.1242,
  "CAD/GBP": 0.5896,
  "CAD/NZD": 1.22,
  "CAD/CHF": 0.65698,
  "CAD/JPY": 105.847,
  "CAD/HKD": 5.9083,
  "CAD/SGD": 1.0065,
  "CHF/EUR": 1.0485,
  "CHF/USD": 1.1527,
  "CHF/AUD": 1.711,
  "CHF/GBP": 0.898,
  "CHF/NZD": 1.8587,
  "CHF/CAD": 1.5218,
  "CHF/JPY": 161.122,
  "CHF/HKD": 8.9975,
  "CHF/SGD": 1.53287,
  "JPY/EUR": 0.00651,
  "JPY/USD": 0.00715,
  "JPY/AUD": 0.01062,
  "JPY/GBP": 0.00557,
  "JPY/NZD": 0.01153,
  "JPY/CAD": 0.00944,
  "JPY/CHF": 0.00621,
  "JPY/HKD": 0.05563,
  "JPY/SGD": 0.00947,
  "HKD/EUR": 0.11652,
  "HKD/USD": 0.12812,
  "HKD/AUD": 0.19026,
  "HKD/GBP": 0.0998,
  "HKD/NZD": 0.20642,
  "HKD/CAD": 0.16918,
  "HKD/CHF": 0.11116,
  "HKD/JPY": 17.892,
  "HKD/SGD": 0.17035,
  "SGD/EUR": 0.68389,
  "SGD/USD": 0.752,
  "SGD/AUD": 1.11671,
  "SGD/GBP": 0.58574,
  "SGD/NZD": 1.2086,
  "SGD/CAD": null,
  "SGD/CHF": 0.6523,
  "SGD/JPY": 105.051,
  "SGD/HKD": 5.8669,
  "CNY/EUR": 0.12669,
  "CNY/USD": 0.13935,
  "CNY/AUD": 0.203,
  "CNY/GBP": 0.10832,
  "CNY/NZD": 0.221,
  "CNY/CAD": 0.1836,
  "CNY/CHF": 0.1207,
  "CNY/JPY": 19.645,
  "CNY/HKD": 1.0872,
  "CNY/SGD": 0.1849
}