{
  "EUR/USD": 1.09953,
  "EUR/AUD": 1.63197,
  "EUR/GBP": 0.85612,
  "EUR/NZD": 1.77174,
  "EUR/CAD": 1.45058,
  "EUR/CHF": 0.95434,
  "EUR/JPY": 155.117,
  "EUR/HKD": 8.576,
  "EUR/SGD": 1.4618,
  "USD/EUR": 0.9092,
  "USD/AUD": 1.48392,
  "USD/GBP": 0.77851,
  "USD/NZD": 1.611,
  "USD/CAD": 1.31917,
  "USD/CHF": 0.86788,
  "USD/JPY": 141.081,
  "USD/HKD": 7.80167,
  "USD/SGD": 1.32988,
  "AUD/EUR": 0.61267,
  "AUD/USD": 0.67375,
  "AUD/GBP": 0.52433,
  "AUD/NZD": 1.08568,
  "AUD/CAD": 0.88881,
  "AUD/CHF": 0.58475,
  "AUD/JPY": 95.051,
  "AUD/HKD": 5.25044,
  "AUD/SGD": 0.89603,
  "GBP/EUR": 1.16792,
  "GBP/USD": 1.2844,
  "GBP/AUD": 1.90614,
  "GBP/NZD": 2.06949,
  "GBP/CAD": 1.69423,
  "GBP/CHF": 1.11467,
  "GBP/JPY": 181.185,
  "GBP/HKD": 10.019,
  "GBP/SGD": 1.70796,
  "NZD/EUR": 0.56424,
  "NZD/USD": 0.62054,
  "NZD/AUD": 0.92084,
  "NZD/GBP": 0.48306,
  "NZD/CAD": 0.81865,
  "NZD/CHF": 0.5385,
  "NZD/JPY": 87.546,
  "NZD/HKD": 4.8411,
  "NZD/SGD": 0.82505,
  "CAD/EUR": 0.689,
  "CAD/USD": 0.7579,
  "CAD/AUD": 1.1245,
  "CAD/GBP": 0.5897,
  "CAD/NZD": 1.2203,
  "CAD/CHF": 0.65784,
  "CAD/JPY": 106.938,
  "CAD/HKD": 5.9125,
  "CAD/SGD": 1.0075,
  "CHF/EUR": 1.0474,
  "CHF/USD": 1.15206,
  "CHF/AUD": 1.70854,
  "CHF/GBP": 0.8967,
  "CHF/NZD": 1.8563,
  "CHF/CAD": 1.5193,
  "CHF/JPY": 162.539,
  "CHF/HKD": 8.9898,
  "CHF/SGD": 1.53225,
  "JPY/EUR": 0.00644,
  "JPY/USD": 0.00709,
  "JPY/AUD": 0.01052,
  "JPY/GBP": 0.00552,
  "JPY/NZD": 0.01142,
  "JPY/CAD": 0.00935,
  "JPY/CHF": 0.00615,
  "JPY/HKD": 0.05511,
  "JPY/SGD": 0.00939,
  "HKD/EUR": 0.1165,
  "HKD/USD": 0.12813,
  "HKD/AUD": 0.19018,
  "HKD/GBP": 0.09976,
  "HKD/NZD": 0.20631,
  "HKD/CAD": 0.16906,
  "HKD/CHF": 0.11122,
  "HKD/JPY": 18.061,
  "HKD/SGD": 0.1704,
  "SGD/EUR": 0.68354,
  "SGD/USD": 0.7519,
  "SGD/AUD": 1.11567,
  "SGD/GBP": 0.58531,
  "SGD/NZD": 1.2076,
  "SGD/CAD": null,
  "SGD/CHF": 0.6525,
  "SGD/JPY": 106.021,
  "SGD/HKD": 5.866,
  "CNY/EUR": 0.12669,
  "CNY/USD": 0.13935,
  "CNY/AUD": 0.203,
  "CNY/GBP": 0.10832,
  "CNY/NZD": 0.221,
  "CNY/CAD": 0.1836,
  "CNY/CHF": 0.1207,
  "CNY/JPY": 19.645,
  "CNY/HKD": 1.0872,
  "CNY/SGD": 0.1849
}